"","Rank","Title","Gross","Theaters","Total Gross","Release Date","Distributor","Estimated","links","Year","Opening","Budget","Release Date (Wide)","MPAA","Running Time","Genres","In Release","Widest Release","IMDbPro"
"1",1,"Star Wars: Episode V - The Empire Strikes Back","$153,961,603","1,278","$209,398,025","May 21","Twentieth Century Fox","false","https://www.boxofficemojo.com/release/rl2775811585/?ref_=bo_sd_table_1",1980,"$4,910,483126 theaters","$18,000,000","May 21, 1980 (Jun 20, 1980)","PG","2 hr 4 min","Action Adventure Fantasy Sci-Fi","225 days/32 weeks","1,278 theaters","See more details at IMDbPro"
"2",2,"Smokey and the Bandit II","$66,132,626","1,196","$66,132,626","Aug 15","Universal Pictures","false","https://www.boxofficemojo.com/release/rl460359169/?ref_=bo_sd_table_2",1980,"$10,883,8351,196 theaters",NA,NA,NA,"1 hr 41 min","Action Adventure Comedy","139 days/19 weeks","1,196 theaters","See more details at IMDbPro"
"3",3,"The Blues Brothers","$57,229,890","594","$57,229,890","Jun 20","Universal Pictures","false","https://www.boxofficemojo.com/release/rl289834497/?ref_=bo_sd_table_3",1980,"$4,858,152594 theaters",NA,NA,NA,"2 hr 13 min","Action Adventure Comedy Crime Music Musical","195 days/27 weeks","594 theaters","See more details at IMDbPro"
"4",1,"Superman II","$108,185,706","1,878","$108,185,706","Jun 19","Warner Bros.","false","https://www.boxofficemojo.com/release/rl4084368897/?ref_=bo_sd_table_1",1981,"$14,100,5231,397 theaters","$54,000,000",NA,"PG","2 hr 7 min","Action Adventure Sci-Fi","196 days/28 weeks","1,878 theaters","See more details at IMDbPro"
"5",2,"Stripes","$85,297,000","1,074","$85,297,000","Jun 26","Columbia Pictures","false","https://www.boxofficemojo.com/release/rl1685227009/?ref_=bo_sd_table_2",1981,"$6,130,1971,074 theaters",NA,NA,"R","1 hr 46 min","Comedy War","189 days/27 weeks","1,074 theaters","See more details at IMDbPro"
"6",3,"The Cannonball Run","$72,179,579","1,692","$72,179,579","Jun 19","Twentieth Century Fox","false","https://www.boxofficemojo.com/release/rl4752897/?ref_=bo_sd_table_3",1981,"$11,765,6541,673 theaters",NA,NA,NA,"1 hr 35 min","Action Comedy Sport","196 days/28 weeks","1,692 theaters","See more details at IMDbPro"
"7",1,"E.T. the Extra-Terrestrial","$238,646,109","1,778","$359,197,037","Jun 11","Universal Pictures","false","https://www.boxofficemojo.com/release/rl995132929/?ref_=bo_sd_table_1",1982,"$11,835,3891,103 theaters","$10,500,000",NA,"PG","1 hr 55 min","Adventure Family Sci-Fi","569 days/81 weeks","1,778 theaters","See more details at IMDbPro"
"8",2,"Rocky III","$110,360,490","1,317","$124,146,897","May 28","United Artists","false","https://www.boxofficemojo.com/release/rl3010233857/?ref_=bo_sd_table_2",1982,"$12,431,486939 theaters",NA,NA,NA,"1 hr 39 min","Drama Sport","224 days/32 weeks","1,317 theaters","See more details at IMDbPro"
"9",3,"Star Trek II: The Wrath of Khan","$78,912,963","1,621","$78,912,963","Jun 4","Paramount Pictures","false","https://www.boxofficemojo.com/release/rl2993915393/?ref_=bo_sd_table_3",1982,"$14,347,2211,621 theaters","$11,200,000",NA,"PG","1 hr 53 min","Action Adventure Sci-Fi","211 days/30 weeks","1,621 theaters","See more details at IMDbPro"
"10",1,"Star Wars: Episode VI - Return of the Jedi","$231,117,020","1,764","$252,583,617","May 25","Twentieth Century Fox","false","https://www.boxofficemojo.com/release/rl2792588801/?ref_=bo_sd_table_1",1983,"$23,019,6181,002 theaters","$32,500,000",NA,"PG","2 hr 11 min","Action Adventure Fantasy Sci-Fi","587 days/83 weeks","1,764 theaters","See more details at IMDbPro"
"11",2,"Trading Places","$79,945,396","1,389","$90,404,800","Jun 10","Paramount Pictures","false","https://www.boxofficemojo.com/release/rl1081574913/?ref_=bo_sd_table_2",1983,"$7,348,2001,375 theaters",NA,NA,NA,"1 hr 56 min","Comedy","205 days/29 weeks","1,389 theaters","See more details at IMDbPro"
"12",3,"Octopussy","$67,893,619","1,339","$67,893,619","Jun 10","Metro-Goldwyn-Mayer (MGM)","false","https://www.boxofficemojo.com/release/rl275154433/?ref_=bo_sd_table_3",1983,"$8,902,5641,311 theaters",NA,NA,NA,"2 hr 11 min","Action Adventure Thriller","205 days/29 weeks","1,339 theaters","See more details at IMDbPro"
"13",1,"Ghostbusters","$188,058,969","1,506","$229,242,989","Jun 8","Columbia Pictures","false","https://www.boxofficemojo.com/release/rl3696592385/?ref_=bo_sd_table_1",1984,"$13,578,1511,339 theaters","$30,000,000",NA,NA,"1 hr 45 min","Action Comedy Fantasy Sci-Fi","572 days/81 weeks","1,506 theaters","See more details at IMDbPro"
"14",2,"Indiana Jones and the Temple of Doom","$166,629,396","1,687","$179,870,271","May 23","Paramount Pictures","false","https://www.boxofficemojo.com/release/rl2455471617/?ref_=bo_sd_table_2",1984,"$25,337,1101,687 theaters","$28,000,000",NA,NA,"1 hr 58 min","Action Adventure","223 days/31 weeks","1,687 theaters","See more details at IMDbPro"
"15",3,"Gremlins","$135,682,419","1,537","$148,168,459","Jun 8","Warner Bros.","false","https://www.boxofficemojo.com/release/rl3126298113/?ref_=bo_sd_table_3",1984,"$12,511,6341,511 theaters",NA,NA,NA,"1 hr 46 min","Comedy Fantasy Horror","210 days/30 weeks","1,537 theaters","See more details at IMDbPro"
"16",1,"Rambo: First Blood Part II","$145,393,330","2,074","$150,415,432","May 22","TriStar Pictures","false","https://www.boxofficemojo.com/release/rl3697968641/?ref_=bo_sd_table_1",1985,"$20,176,2172,074 theaters",NA,NA,NA,"1 hr 36 min","Action Adventure Thriller","224 days/32 weeks","2,074 theaters","See more details at IMDbPro"
"17",2,"Back to the Future","$132,664,418","1,550","$210,609,762","Jul 3","Universal Pictures","false","https://www.boxofficemojo.com/release/rl2974385665/?ref_=bo_sd_table_2",1985,"$11,152,5001,420 theaters","$19,000,000",NA,NA,"1 hr 56 min","Adventure Comedy Sci-Fi","547 days/78 weeks","1,550 theaters","See more details at IMDbPro"
"18",3,"Cocoon","$68,685,467","1,163","$76,113,124","Jun 21","Twentieth Century Fox","false","https://www.boxofficemojo.com/release/rl1615496705/?ref_=bo_sd_table_3",1985,"$7,936,4271,140 theaters",NA,NA,NA,"1 hr 57 min","Comedy Drama Sci-Fi","194 days/27 weeks","1,163 theaters","See more details at IMDbPro"
"19",1,"Top Gun","$129,766,727","1,531","$176,781,728","May 16","Paramount Pictures","false","https://www.boxofficemojo.com/release/rl444040705/?ref_=bo_sd_table_1",1986,"$8,193,0521,028 theaters",NA,NA,NA,"1 hr 49 min","Action Drama","231 days/33 weeks","1,531 theaters","See more details at IMDbPro"
"20",2,"The Karate Kid Part II","$97,607,164","1,610","$115,103,979","Jun 20","Columbia Pictures","false","https://www.boxofficemojo.com/release/rl3395126785/?ref_=bo_sd_table_2",1986,"$12,652,3361,323 theaters",NA,NA,NA,"1 hr 53 min","Action Family Sport","195 days/27 weeks","1,610 theaters","See more details at IMDbPro"
"21",3,"Back to School","$79,820,695","1,751","$91,258,000","Jun 13","Orion Pictures","false","https://www.boxofficemojo.com/release/rl1984267777/?ref_=bo_sd_table_3",1986,"$8,881,0351,605 theaters",NA,NA,NA,"1 hr 36 min","Comedy Romance Sport","202 days/28 weeks","1,751 theaters","See more details at IMDbPro"
"22",1,"Beverly Hills Cop II","$153,665,036","2,326","$153,665,036","May 20","Paramount Pictures","false","https://www.boxofficemojo.com/release/rl3712255489/?ref_=bo_sd_table_1",1987,"$26,348,5552,326 theaters",NA,NA,NA,"1 hr 40 min","Action Comedy Crime Thriller","226 days/32 weeks","2,326 theaters","See more details at IMDbPro"
"23",2,"The Untouchables","$76,270,454","1,501","$76,270,454","Jun 5","Paramount Pictures","false","https://www.boxofficemojo.com/release/rl3447096833/?ref_=bo_sd_table_2",1987,"$10,023,0941,012 theaters",NA,NA,NA,"1 hr 59 min","Crime Drama Thriller","210 days/30 weeks","1,501 theaters","See more details at IMDbPro"
"24",3,"The Witches of Eastwick","$63,766,510","1,337","$63,766,510","Jun 12","Warner Bros.","false","https://www.boxofficemojo.com/release/rl4152067585/?ref_=bo_sd_table_3",1987,"$9,454,2381,103 theaters",NA,NA,NA,"1 hr 58 min","Comedy Fantasy Horror","203 days/29 weeks","1,337 theaters","See more details at IMDbPro"
"25",1,"Who Framed Roger Rabbit","$129,121,385","1,598","$156,452,370","Jun 24","Walt Disney Studios Motion Pictures","false","https://www.boxofficemojo.com/release/rl1987806721/?ref_=bo_sd_table_1",1988,"$11,226,2391,045 theaters","$70,000,000",NA,NA,"1 hr 44 min","Adventure Animation Comedy Crime Family Fantasy Mystery","196 days/28 weeks","1,598 theaters","See more details at IMDbPro"
"26",2,"Coming to America","$116,614,753","2,064","$128,152,301","Jun 29","Paramount Pictures","false","https://www.boxofficemojo.com/release/rl3058337281/?ref_=bo_sd_table_2",1988,"$21,404,4202,064 theaters",NA,NA,NA,"1 hr 57 min","Comedy Romance","186 days/26 weeks","2,064 theaters","See more details at IMDbPro"
"27",3,"Crocodile Dundee II","$109,306,210","2,837","$109,306,210","May 25","Paramount Pictures","false","https://www.boxofficemojo.com/release/rl3863905793/?ref_=bo_sd_table_3",1988,"$24,462,9762,837 theaters",NA,NA,NA,"1 hr 48 min","Action Adventure Comedy","221 days/31 weeks","2,837 theaters","See more details at IMDbPro"
"28",1,"Batman","$238,559,567","2,201","$251,188,924","Jun 23","Warner Bros.","false","https://www.boxofficemojo.com/release/rl3695543809/?ref_=bo_sd_table_1",1989,"$40,489,7462,194 theaters","$35,000,000",NA,NA,"2 hr 6 min","Action Adventure","196 days/28 weeks","2,201 theaters","See more details at IMDbPro"
"29",2,"Indiana Jones and the Last Crusade","$188,677,915","2,327","$197,171,806","May 24","Paramount Pictures","false","https://www.boxofficemojo.com/release/rl2539357697/?ref_=bo_sd_table_2",1989,"$29,355,0212,327 theaters","$48,000,000",NA,"PG-13","2 hr 7 min","Action Adventure","222 days/31 weeks","2,327 theaters","See more details at IMDbPro"
"30",3,"Lethal Weapon 2","$129,806,118","1,830","$147,253,986","Jul 7","Warner Bros.","false","https://www.boxofficemojo.com/release/rl1868465665/?ref_=bo_sd_table_3",1989,"$20,388,8001,803 theaters",NA,NA,"R","1 hr 54 min","Action Crime Thriller","178 days/25 weeks","1,830 theaters","See more details at IMDbPro"
"31",1,"Ghost","$121,842,426","1,766","$217,631,306","Jul 13","Paramount Pictures","false","https://www.boxofficemojo.com/release/rl3864364545/?ref_=bo_sd_table_1",1990,"$12,191,5401,101 theaters","$22,000,000",NA,NA,"2 hr 7 min","Drama Fantasy Romance Thriller","537 days/76 weeks","1,766 theaters","See more details at IMDbPro"
"32",2,"Total Recall","$116,659,996","2,131","$119,394,840","Jun 1","Sony Pictures Entertainment (SPE)","false","https://www.boxofficemojo.com/release/rl74941953/?ref_=bo_sd_table_2",1990,"$25,533,7002,060 theaters","$65,000,000",NA,NA,"1 hr 53 min","Action Adventure Sci-Fi","214 days/30 weeks","2,131 theaters","See more details at IMDbPro"
"33",3,"Die Hard 2","$109,217,163","2,507","$117,540,947","Jul 6","Twentieth Century Fox","false","https://www.boxofficemojo.com/release/rl1380943361/?ref_=bo_sd_table_3",1990,"$21,744,6612,507 theaters","$70,000,000",NA,NA,"2 hr 4 min","Action Thriller","179 days/25 weeks","2,507 theaters","See more details at IMDbPro"
"34",1,"Terminator 2: Judgment Day","$183,122,792","2,495","$204,843,345","Jul 3","TriStar Pictures","false","https://www.boxofficemojo.com/release/rl3396699649/?ref_=bo_sd_table_1",1991,"$31,765,5062,274 theaters","$102,000,000",NA,"R","2 hr 17 min","Action Sci-Fi","184 days/26 weeks","2,495 theaters","See more details at IMDbPro"
"35",2,"Robin Hood: Prince of Thieves","$149,430,237","2,369","$165,493,908","Jun 14","Warner Bros.","false","https://www.boxofficemojo.com/release/rl1567393281/?ref_=bo_sd_table_2",1991,"$25,625,6022,369 theaters","$48,000,000",NA,NA,"2 hr 23 min","Action Adventure Drama Romance","201 days/28 weeks","2,369 theaters","See more details at IMDbPro"
"36",3,"City Slickers","$111,952,816","2,171","$124,033,791","Jun 7","Columbia Pictures","false","https://www.boxofficemojo.com/release/rl3393947137/?ref_=bo_sd_table_3",1991,"$13,032,1211,992 theaters","$27,000,000",NA,NA,"1 hr 53 min","Comedy Western","208 days/29 weeks","2,171 theaters","See more details at IMDbPro"
"37",1,"Batman Returns","$159,559,854","2,644","$162,831,698","Jun 19","Warner Bros.","false","https://www.boxofficemojo.com/release/rl3544548865/?ref_=bo_sd_table_1",1992,"$45,687,7112,644 theaters","$80,000,000",NA,"PG-13","2 hr 6 min","Action Crime Fantasy","196 days/28 weeks","2,644 theaters","See more details at IMDbPro"
"38",2,"Lethal Weapon 3","$144,731,527","2,568","$144,731,527","May 15","Warner Bros.","false","https://www.boxofficemojo.com/release/rl1616807425/?ref_=bo_sd_table_2",1992,"$33,243,0862,510 theaters","$35,000,000",NA,"R","1 hr 58 min","Action Crime Thriller","231 days/33 weeks","2,568 theaters","See more details at IMDbPro"
"39",3,"Sister Act","$128,488,785","2,087","$139,605,150","May 29","Walt Disney Studios Motion Pictures","false","https://www.boxofficemojo.com/release/rl2456913409/?ref_=bo_sd_table_3",1992,"$11,894,5871,430 theaters",NA,NA,"PG","1 hr 40 min","Comedy Family Music","217 days/31 weeks","2,087 theaters","See more details at IMDbPro"
"40",1,"Jurassic Park","$316,609,010","2,566","$357,067,947","Jun 11","Universal Pictures","false","https://www.boxofficemojo.com/release/rl2354939393/?ref_=bo_sd_table_1",1993,"$47,026,8282,404 theaters","$63,000,000",NA,"PG-13","2 hr 7 min","Action Adventure Sci-Fi Thriller","569 days/81 weeks","2,566 theaters","See more details at IMDbPro"
"41",2,"The Firm","$149,249,846","2,393","$158,348,367","Jul 2","Paramount Pictures","false","https://www.boxofficemojo.com/release/rl2186511873/?ref_=bo_sd_table_2",1993,"$25,400,0002,393 theaters",NA,NA,"R","2 hr 34 min","Drama Mystery Thriller","183 days/26 weeks","2,393 theaters","See more details at IMDbPro"
"42",3,"The Fugitive","$127,739,375","2,425","$183,875,760","Aug 6","Warner Bros.","false","https://www.boxofficemojo.com/release/rl206931457/?ref_=bo_sd_table_3",1993,"$23,758,8552,340 theaters",NA,NA,"PG-13","2 hr 10 min","Action Crime Drama Mystery Thriller","513 days/73 weeks","2,425 theaters","See more details at IMDbPro"
"43",1,"The Lion King","$260,978,278","2,624","$312,855,561","Jun 15","Walt Disney Studios Motion Pictures","false","https://www.boxofficemojo.com/release/rl3730736641/?ref_=bo_sd_table_1",1994,"$1,586,7532 theaters","$45,000,000","Jun 15, 1994 (Jun 24, 1994)","G","1 hr 28 min","Adventure Animation Drama Family Musical","565 days/80 weeks","2,624 theaters","See more details at IMDbPro"
"44",2,"Forrest Gump","$234,817,248","2,365","$329,694,499","Jul 6","Paramount Pictures","false","https://www.boxofficemojo.com/release/rl1314031105/?ref_=bo_sd_table_2",1994,"$24,450,6021,595 theaters","$55,000,000",NA,"PG-13","2 hr 22 min","Drama Romance","544 days/77 weeks","2,365 theaters","See more details at IMDbPro"
"45",3,"True Lies","$130,871,963","2,561","$146,282,411","Jul 15","Twentieth Century Fox","false","https://www.boxofficemojo.com/release/rl3614934529/?ref_=bo_sd_table_3",1994,"$25,869,7702,368 theaters","$115,000,000",NA,"R","2 hr 21 min","Action Comedy Thriller","170 days/24 weeks","2,561 theaters","See more details at IMDbPro"
"46",1,"Batman Forever","$181,180,518","2,893","$184,031,112","Jun 16","Warner Bros.","false","https://www.boxofficemojo.com/release/rl3494217217/?ref_=bo_sd_table_1",1995,"$52,784,4332,842 theaters","$100,000,000",NA,"PG-13","2 hr 1 min","Action Adventure","203 days/29 weeks","2,893 theaters","See more details at IMDbPro"
"47",2,"Apollo 13","$162,033,305","2,347","$172,071,312","Jun 30","Universal Pictures","false","https://www.boxofficemojo.com/release/rl1614972417/?ref_=bo_sd_table_2",1995,"$25,353,3802,197 theaters",NA,NA,"PG","2 hr 20 min","Adventure Drama History","189 days/27 weeks","2,347 theaters","See more details at IMDbPro"
"48",3,"Pocahontas","$135,096,948","2,757","$141,579,773","Jun 16","Walt Disney Studios Motion Pictures","false","https://www.boxofficemojo.com/release/rl762021377/?ref_=bo_sd_table_3",1995,"$2,689,7146 theaters",NA,"Jun 16, 1995 (Jun 23, 1995)","G","1 hr 21 min","Adventure Animation Drama Family Musical Romance","199 days/28 weeks","2,757 theaters","See more details at IMDbPro"
"49",1,"Independence Day","$281,937,276","2,977","$306,169,268","Jul 3","Twentieth Century Fox","false","https://www.boxofficemojo.com/release/rl2656798209/?ref_=bo_sd_table_1",1996,"$50,228,2642,882 theaters","$75,000,000",NA,"PG-13","2 hr 25 min","Action Adventure Sci-Fi","547 days/78 weeks","2,977 theaters","See more details at IMDbPro"
"50",2,"Twister","$241,721,524","2,808","$241,721,524","May 10","Warner Bros.","false","https://www.boxofficemojo.com/release/rl1886815745/?ref_=bo_sd_table_2",1996,"$41,059,4052,414 theaters","$92,000,000",NA,NA,"1 hr 53 min","Action Adventure Thriller","236 days/33 weeks","2,808 theaters","See more details at IMDbPro"
"51",3,"Mission: Impossible","$177,277,615","3,012","$180,981,856","May 22","Paramount Pictures","false","https://www.boxofficemojo.com/release/rl3680667137/?ref_=bo_sd_table_3",1996,"$45,436,8303,012 theaters","$80,000,000",NA,"PG-13","1 hr 50 min","Action Adventure Thriller","226 days/32 weeks","3,012 theaters","See more details at IMDbPro"
"52",1,"Men in Black","$235,057,188","3,180","$250,690,539","Jul 2","Sony Pictures Entertainment (SPE)","false","https://www.boxofficemojo.com/release/rl1264748033/?ref_=bo_sd_table_1",1997,"$51,068,4553,020 theaters","$90,000,000",NA,"PG-13","1 hr 38 min","Action Adventure Comedy Sci-Fi","184 days/26 weeks","3,180 theaters","See more details at IMDbPro"
"53",2,"The Lost World: Jurassic Park","$227,881,749","3,565","$229,086,679","May 23","Universal Pictures","false","https://www.boxofficemojo.com/release/rl2405271041/?ref_=bo_sd_table_2",1997,"$72,132,7853,281 theaters","$73,000,000",NA,"PG-13","2 hr 9 min","Action Adventure Sci-Fi","223 days/31 weeks","3,565 theaters","See more details at IMDbPro"
"54",3,"Air Force One","$154,240,266","2,981","$172,956,409","Jul 25","Sony Pictures Entertainment (SPE)","false","https://www.boxofficemojo.com/release/rl2168489473/?ref_=bo_sd_table_3",1997,"$37,132,5052,919 theaters","$85,000,000",NA,"R","2 hr 4 min","Action Drama Thriller","525 days/75 weeks","2,981 theaters","See more details at IMDbPro"
"55",1,"Armageddon","$191,158,932","3,184","$201,578,182","Jul 1","Walt Disney Studios Motion Pictures","false","https://www.boxofficemojo.com/release/rl2973926913/?ref_=bo_sd_table_1",1998,"$36,089,9723,127 theaters","$140,000,000",NA,"PG-13","2 hr 31 min","Action Adventure Sci-Fi Thriller","184 days/26 weeks","3,184 theaters","See more details at IMDbPro"
"56",2,"Saving Private Ryan","$167,071,590","2,807","$216,540,909","Jul 24","DreamWorks Distribution","false","https://www.boxofficemojo.com/release/rl3396044289/?ref_=bo_sd_table_2",1998,"$30,576,1042,463 theaters","$70,000,000",NA,"R","2 hr 49 min","Drama War","526 days/75 weeks","2,807 theaters","See more details at IMDbPro"
"57",3,"Deep Impact","$140,055,421","3,280","$140,464,664","May 8","Paramount Pictures","false","https://www.boxofficemojo.com/release/rl3444344321/?ref_=bo_sd_table_3",1998,"$41,152,3753,156 theaters",NA,NA,"PG-13","2 hr","Action Drama Sci-Fi Thriller","238 days/34 weeks","3,280 theaters","See more details at IMDbPro"
"58",1,"Star Wars: Episode I - The Phantom Menace","$421,381,756","3,126","$431,088,295","May 19","Twentieth Century Fox","false","https://www.boxofficemojo.com/release/rl2742257153/?ref_=bo_sd_table_1",1999,"$64,820,9702,970 theaters","$115,000,000",NA,"PG","2 hr 16 min","Action Adventure Fantasy Sci-Fi","593 days/84 weeks","3,126 theaters","See more details at IMDbPro"
"59",2,"Austin Powers: The Spy Who Shagged Me","$204,997,630","3,314","$206,040,086","Jun 11","New Line Cinema","false","https://www.boxofficemojo.com/release/rl3343025665/?ref_=bo_sd_table_2",1999,"$17,981,9003,312 theaters","$33,000,000",NA,"PG-13","1 hr 35 min","Action Adventure Comedy Crime","210 days/30 weeks","3,314 theaters","See more details at IMDbPro"
"60",3,"The Sixth Sense","$182,323,494","2,821","$293,506,292","Aug 6","Walt Disney Studios Motion Pictures","false","https://www.boxofficemojo.com/release/rl3527509505/?ref_=bo_sd_table_3",1999,"$26,681,2622,161 theaters","$40,000,000",NA,"PG-13","1 hr 47 min","Drama Mystery Thriller","514 days/73 weeks","2,821 theaters","See more details at IMDbPro"
"61",1,"Mission: Impossible II","$213,578,518","3,669","$215,409,889","May 24","Paramount Pictures","false","https://www.boxofficemojo.com/release/rl1600292353/?ref_=bo_sd_table_1",2000,"$57,845,2973,653 theaters","$125,000,000",NA,"PG-13","2 hr 3 min","Action Adventure Thriller","222 days/31 weeks","3,669 theaters","See more details at IMDbPro"
"62",2,"Gladiator","$183,637,370","3,188","$187,705,427","May 5","DreamWorks Distribution","false","https://www.boxofficemojo.com/release/rl2136245761/?ref_=bo_sd_table_2",2000,"$34,819,0172,938 theaters","$103,000,000",NA,"R","2 hr 35 min","Action Adventure Drama","606 days/86 weeks","3,188 theaters","See more details at IMDbPro"
"63",3,"The Perfect Storm","$176,496,860","3,407","$182,618,434","Jun 30","Warner Bros.","false","https://www.boxofficemojo.com/release/rl661161473/?ref_=bo_sd_table_3",2000,"$41,325,0423,407 theaters","$140,000,000",NA,"PG-13","2 hr 10 min","Action Adventure Drama Thriller","189 days/27 weeks","3,407 theaters","See more details at IMDbPro"
"64",1,"Shrek","$262,908,727","3,715","$267,665,011","May 16","DreamWorks Distribution","false","https://www.boxofficemojo.com/release/rl7439873/?ref_=bo_sd_table_1",2001,"$42,347,7603,587 theaters","$60,000,000",NA,"PG","1 hr 30 min","Adventure Animation Comedy Family Fantasy Romance","233 days/33 weeks","3,715 theaters","See more details at IMDbPro"
"65",2,"The Mummy Returns","$201,707,090","3,553","$202,019,785","May 4","Universal Pictures","false","https://www.boxofficemojo.com/release/rl3580200449/?ref_=bo_sd_table_2",2001,"$68,139,0353,401 theaters","$98,000,000",NA,"PG-13","2 hr 10 min","Action Adventure Fantasy Thriller","242 days/34 weeks","3,553 theaters","See more details at IMDbPro"
"66",3,"Pearl Harbor","$196,258,834","3,255","$198,542,554","May 25","Walt Disney Studios Motion Pictures","false","https://www.boxofficemojo.com/release/rl543720961/?ref_=bo_sd_table_3",2001,"$59,078,9123,214 theaters","$140,000,000",NA,"PG-13","3 hr 3 min","Action Drama History Romance War","224 days/32 weeks","3,255 theaters","See more details at IMDbPro"
"67",1,"Spider-Man","$403,706,375","3,876","$403,706,375","May 3","Sony Pictures Entertainment (SPE)","false","https://www.boxofficemojo.com/release/rl678659585/?ref_=bo_sd_table_1",2002,"$114,844,1163,615 theaters","$139,000,000",NA,"PG-13","2 hr 1 min","Action Adventure Sci-Fi","243 days/34 weeks","3,876 theaters","See more details at IMDbPro"
"68",2,"Star Wars: Episode II - Attack of the Clones","$300,669,374","3,161","$302,191,252","May 16","Twentieth Century Fox","false","https://www.boxofficemojo.com/release/rl2809366017/?ref_=bo_sd_table_2",2002,"$80,027,8143,161 theaters","$115,000,000",NA,"PG","2 hr 22 min","Action Adventure Fantasy Sci-Fi","232 days/33 weeks","3,161 theaters","See more details at IMDbPro"
"69",3,"Austin Powers in Goldmember","$203,042,562","3,613","$213,307,889","Jul 26","New Line Cinema","false","https://www.boxofficemojo.com/release/rl944080385/?ref_=bo_sd_table_3",2002,"$73,071,1883,613 theaters","$63,000,000",NA,"PG-13","1 hr 34 min","Action Adventure Comedy Crime","161 days/23 weeks","3,613 theaters","See more details at IMDbPro"
"70",1,"Finding Nemo","$332,722,962","3,425","$339,714,978","May 30","Walt Disney Studios Motion Pictures","false","https://www.boxofficemojo.com/release/rl2723382785/?ref_=bo_sd_table_1",2003,"$70,251,7103,374 theaters","$94,000,000",NA,NA,"1 hr 40 min","Adventure Animation Comedy Family","217 days/31 weeks","3,425 theaters","See more details at IMDbPro"
"71",2,"The Matrix Reloaded","$279,771,818","3,603","$281,576,461","May 15","Warner Bros.","false","https://www.boxofficemojo.com/release/rl4167271937/?ref_=bo_sd_table_2",2003,"$91,774,4133,603 theaters","$150,000,000",NA,"R","2 hr 18 min","Action Sci-Fi","232 days/33 weeks","3,603 theaters","See more details at IMDbPro"
"72",3,"Pirates of the Caribbean: The Curse of the Black Pearl","$275,018,547","3,416","$305,413,918","Jul 9","Walt Disney Studios Motion Pictures","false","https://www.boxofficemojo.com/release/rl4134045185/?ref_=bo_sd_table_3",2003,"$46,630,6903,269 theaters","$140,000,000",NA,"PG-13","2 hr 23 min","Action Adventure Fantasy","542 days/77 weeks","3,416 theaters","See more details at IMDbPro"
"73",1,"Shrek 2","$437,622,810","4,223","$441,226,247","May 19","DreamWorks Distribution","false","https://www.boxofficemojo.com/release/rl24217089/?ref_=bo_sd_table_1",2004,"$108,037,8784,163 theaters","$150,000,000",NA,"PG","1 hr 33 min","Adventure Animation Comedy Family Fantasy Romance","233 days/33 weeks","4,223 theaters","See more details at IMDbPro"
"74",2,"Spider-Man 2","$369,888,512","4,166","$373,585,825","Jun 30","Sony Pictures Entertainment (SPE)","false","https://www.boxofficemojo.com/release/rl896763393/?ref_=bo_sd_table_2",2004,"$88,156,2274,152 theaters","$200,000,000",NA,"PG-13","2 hr 7 min","Action Adventure Sci-Fi","191 days/27 weeks","4,166 theaters","See more details at IMDbPro"
"75",3,"Harry Potter and the Prisoner of Azkaban","$248,344,516","3,855","$249,541,069","Jun 4","Warner Bros.","false","https://www.boxofficemojo.com/release/rl1449887233/?ref_=bo_sd_table_3",2004,"$93,687,3673,855 theaters","$130,000,000",NA,"PG","2 hr 22 min","Adventure Family Fantasy Mystery","217 days/31 weeks","3,855 theaters","See more details at IMDbPro"
"76",1,"Star Wars: Episode III - Revenge of the Sith","$379,807,894","3,663","$380,270,577","May 19","Twentieth Century Fox","false","https://www.boxofficemojo.com/release/rl2943583745/?ref_=bo_sd_table_1",2005,"$108,435,8413,661 theaters","$113,000,000",NA,"PG-13","2 hr 20 min","Action Adventure Fantasy Sci-Fi","227 days/32 weeks","3,663 theaters","See more details at IMDbPro"
"77",2,"War of the Worlds","$232,606,871","3,910","$234,280,354","Jun 29","Paramount Pictures","false","https://www.boxofficemojo.com/release/rl544769537/?ref_=bo_sd_table_2",2005,"$64,878,7253,908 theaters","$132,000,000",NA,"PG-13","1 hr 56 min","Action Adventure Sci-Fi","191 days/27 weeks","3,910 theaters","See more details at IMDbPro"
"78",3,"Batman Begins","$203,641,815","3,858","$205,343,774","Jun 15","Warner Bros.","false","https://www.boxofficemojo.com/release/rl3510994433/?ref_=bo_sd_table_3",2005,"$48,745,4403,858 theaters","$150,000,000",NA,"PG-13","2 hr 20 min","Action Crime Drama","200 days/28 weeks","3,858 theaters","See more details at IMDbPro"
"79",1,"Pirates of the Caribbean: Dead Man's Chest","$414,013,957","4,133","$423,315,812","Jul 7","Walt Disney Studios Motion Pictures","false","https://www.boxofficemojo.com/release/rl4083713537/?ref_=bo_sd_table_1",2006,"$135,634,5544,133 theaters","$225,000,000",NA,"PG-13","2 hr 31 min","Action Adventure Fantasy","182 days/26 weeks","4,133 theaters","See more details at IMDbPro"
"80",2,"Cars","$241,979,000","3,988","$244,082,982","Jun 9","Walt Disney Studios Motion Pictures","false","https://www.boxofficemojo.com/release/rl1195935233/?ref_=bo_sd_table_2",2006,"$60,119,5093,985 theaters","$120,000,000",NA,NA,"1 hr 57 min","Adventure Animation Comedy Family Sport","206 days/29 weeks","3,988 theaters","See more details at IMDbPro"
"81",3,"X-Men: The Last Stand","$234,306,945","3,714","$234,362,462","May 26","Twentieth Century Fox","false","https://www.boxofficemojo.com/release/rl1484424705/?ref_=bo_sd_table_3",2006,"$102,750,6653,690 theaters","$210,000,000",NA,"PG-13","1 hr 44 min","Action Adventure Sci-Fi","220 days/31 weeks","3,714 theaters","See more details at IMDbPro"
"82",1,"Spider-Man 3","$336,530,303","4,324","$336,530,303","May 4","Sony Pictures Entertainment (SPE)","false","https://www.boxofficemojo.com/release/rl913540609/?ref_=bo_sd_table_1",2007,"$151,116,5164,252 theaters","$258,000,000",NA,"PG-13","2 hr 19 min","Action Adventure Sci-Fi","242 days/34 weeks","4,324 theaters","See more details at IMDbPro"
"83",2,"Shrek the Third","$322,719,944","4,172","$322,719,944","May 18","DreamWorks","false","https://www.boxofficemojo.com/release/rl40994305/?ref_=bo_sd_table_2",2007,"$121,629,2704,122 theaters","$160,000,000",NA,"PG","1 hr 33 min","Adventure Animation Comedy Family Fantasy Romance","228 days/32 weeks","4,172 theaters","See more details at IMDbPro"
"84",3,"Transformers","$310,578,372","4,050","$319,246,193","Jul 3","DreamWorks","false","https://www.boxofficemojo.com/release/rl3010954753/?ref_=bo_sd_table_3",2007,"$70,502,3844,011 theaters","$150,000,000",NA,"PG-13","2 hr 24 min","Action Adventure Sci-Fi","185 days/26 weeks","4,050 theaters","See more details at IMDbPro"
"85",1,"The Dark Knight","$504,798,337","4,366","$533,345,358","Jul 18","Warner Bros.","false","https://www.boxofficemojo.com/release/rl3729098241/?ref_=bo_sd_table_1",2008,"$158,411,4834,366 theaters","$185,000,000",NA,"PG-13","2 hr 32 min","Action Crime Drama Thriller","532 days/76 weeks","4,366 theaters","See more details at IMDbPro"
"86",2,"Indiana Jones and the Kingdom of the Crystal Skull","$315,844,754","4,264","$317,101,119","May 22","Paramount Pictures","false","https://www.boxofficemojo.com/release/rl2321253889/?ref_=bo_sd_table_2",2008,"$100,137,8354,260 theaters","$185,000,000",NA,"PG-13","2 hr 2 min","Action Adventure","224 days/32 weeks","4,264 theaters","See more details at IMDbPro"
"87",3,"Iron Man","$314,347,676","4,154","$318,604,126","May 2","Paramount Pictures","false","https://www.boxofficemojo.com/release/rl1482327553/?ref_=bo_sd_table_3",2008,"$98,618,6684,105 theaters","$140,000,000",NA,"PG-13","2 hr 6 min","Action Adventure Sci-Fi","974 days/139 weeks","4,154 theaters","See more details at IMDbPro"
"88",1,"Transformers: Revenge of the Fallen","$400,641,549","4,293","$402,111,870","Jun 24","DreamWorks","false","https://www.boxofficemojo.com/release/rl3027731969/?ref_=bo_sd_table_1",2009,"$108,966,3074,234 theaters","$200,000,000",NA,"PG-13","2 hr 29 min","Action Adventure Sci-Fi","191 days/27 weeks","4,293 theaters","See more details at IMDbPro"
"89",2,"Harry Potter and the Half-Blood Prince","$297,614,366","4,455","$301,959,197","Jul 15","Warner Bros.","false","https://www.boxofficemojo.com/release/rl1231783425/?ref_=bo_sd_table_2",2009,"$77,835,7274,325 theaters","$250,000,000",NA,"PG","2 hr 33 min","Action Adventure Family Fantasy Mystery","177 days/25 weeks","4,455 theaters","See more details at IMDbPro"
"90",3,"Up","$290,135,610","3,886","$293,004,164","May 29","Walt Disney Studios Motion Pictures","false","https://www.boxofficemojo.com/release/rl3245770241/?ref_=bo_sd_table_3",2009,"$68,108,7903,766 theaters","$175,000,000",NA,"PG","1 hr 36 min","Adventure Animation Comedy Drama Family","217 days/31 weeks","3,886 theaters","See more details at IMDbPro"
"91",1,"Toy Story 3","$408,890,408","4,028","$415,004,880","Jun 18","Walt Disney Studios Motion Pictures","false","https://www.boxofficemojo.com/release/rl1383564801/?ref_=bo_sd_table_1",2010,"$110,307,1894,028 theaters","$200,000,000",NA,NA,"1 hr 43 min","Adventure Animation Comedy Family Fantasy","203 days/29 weeks","4,028 theaters","See more details at IMDbPro"
"92",2,"Iron Man 2","$312,433,331","4,390","$312,433,331","May 7","Paramount Pictures","false","https://www.boxofficemojo.com/release/rl1515881985/?ref_=bo_sd_table_2",2010,"$128,122,4804,380 theaters","$200,000,000",NA,"PG-13","2 hr 4 min","Action Sci-Fi","239 days/34 weeks","4,390 theaters","See more details at IMDbPro"
"93",3,"The Twilight Saga: Eclipse","$298,798,466","4,468","$300,531,751","Jun 30","Summit Entertainment","false","https://www.boxofficemojo.com/release/rl659654145/?ref_=bo_sd_table_3",2010,"$64,832,1914,468 theaters","$68,000,000",NA,"PG-13","2 hr 4 min","Action Adventure Drama Fantasy Romance Thriller","185 days/26 weeks","4,468 theaters","See more details at IMDbPro"
"94",1,"Harry Potter and the Deathly Hallows: Part 2","$375,552,093","4,375","$381,011,219","Jul 15","Warner Bros.","false","https://www.boxofficemojo.com/release/rl1265337857/?ref_=bo_sd_table_1",2011,"$169,189,4274,375 theaters",NA,NA,"PG-13","2 hr 10 min","Adventure Family Fantasy Mystery","175 days/25 weeks","4,375 theaters","See more details at IMDbPro"
"95",2,"Transformers: Dark of the Moon","$350,500,012","4,088","$352,390,543","Jun 29","DreamWorks","false","https://www.boxofficemojo.com/release/rl2977400321/?ref_=bo_sd_table_2",2011,"$97,852,8654,088 theaters","$195,000,000",NA,"PG-13","2 hr 34 min","Action Adventure Sci-Fi","186 days/26 weeks","4,088 theaters","See more details at IMDbPro"
"96",3,"The Hangover Part II","$254,416,436","3,675","$254,464,305","May 26","Warner Bros.","false","https://www.boxofficemojo.com/release/rl408323585/?ref_=bo_sd_table_3",2011,"$85,946,2943,615 theaters","$80,000,000",NA,"R","1 hr 42 min","Comedy","220 days/31 weeks","3,675 theaters","See more details at IMDbPro"
"97",1,"The Avengers","$620,323,837","4,349","$623,357,910","May 4","Walt Disney Studios Motion Pictures","false","https://www.boxofficemojo.com/release/rl709199361/?ref_=bo_sd_table_1",2012,"$207,438,7084,349 theaters","$220,000,000",NA,"PG-13","2 hr 23 min","Action Sci-Fi","242 days/34 weeks","4,349 theaters","See more details at IMDbPro"
"98",2,"The Dark Knight Rises","$433,311,261","4,404","$448,139,099","Jul 20","Warner Bros.","false","https://www.boxofficemojo.com/release/rl3745875457/?ref_=bo_sd_table_2",2012,"$160,887,2954,404 theaters","$250,000,000",NA,"PG-13","2 hr 44 min","Action Drama Thriller","168 days/24 weeks","4,404 theaters","See more details at IMDbPro"
"99",3,"The Amazing Spider-Man","$259,811,206","4,318","$262,030,663","Jul 3","Sony Pictures Entertainment (SPE)","false","https://www.boxofficemojo.com/release/rl930317825/?ref_=bo_sd_table_3",2012,"$62,004,6884,318 theaters","$230,000,000",NA,"PG-13","2 hr 16 min","Action Adventure Sci-Fi","182 days/26 weeks","4,318 theaters","See more details at IMDbPro"
"100",1,"Iron Man 3","$408,797,699","4,253","$409,013,994","May 3","Walt Disney Studios Motion Pictures","false","https://www.boxofficemojo.com/release/rl1532659201/?ref_=bo_sd_table_1",2013,"$174,144,5854,253 theaters","$200,000,000",NA,"PG-13","2 hr 10 min","Action Adventure Sci-Fi","243 days/34 weeks","4,253 theaters","See more details at IMDbPro"
"101",2,"Despicable Me 2","$355,739,290","4,003","$368,065,385","Jul 3","Universal Pictures","false","https://www.boxofficemojo.com/release/rl105874945/?ref_=bo_sd_table_2",2013,"$83,517,3153,997 theaters","$76,000,000",NA,"PG","1 hr 38 min","Adventure Animation Comedy Crime Family Sci-Fi","547 days/78 weeks","4,003 theaters","See more details at IMDbPro"
"102",3,"Man of Steel","$290,750,257","4,207","$291,045,518","Jun 14","Warner Bros.","false","https://www.boxofficemojo.com/release/rl4034037249/?ref_=bo_sd_table_3",2013,"$116,619,3624,207 theaters","$225,000,000",NA,"PG-13","2 hr 23 min","Action Adventure Sci-Fi","201 days/28 weeks","4,207 theaters","See more details at IMDbPro"
"103",1,"Guardians of the Galaxy","$281,204,119","4,088","$333,176,600","Aug 1","Walt Disney Studios Motion Pictures","false","https://www.boxofficemojo.com/release/rl3177416193/?ref_=bo_sd_table_1",2014,"$94,320,8834,080 theaters","$170,000,000",NA,"PG-13","2 hr 1 min","Action Adventure Comedy Sci-Fi","518 days/74 weeks","4,088 theaters","See more details at IMDbPro"
"104",2,"Transformers: Age of Extinction","$244,435,833","4,233","$245,439,076","Jun 27","Paramount Pictures","false","https://www.boxofficemojo.com/release/rl2960623105/?ref_=bo_sd_table_2",2014,"$100,038,3904,233 theaters","$210,000,000",NA,"PG-13","2 hr 45 min","Action Adventure Sci-Fi","188 days/26 weeks","4,233 theaters","See more details at IMDbPro"
"105",3,"Maleficent","$238,405,934","3,948","$241,410,378","May 30","Walt Disney Studios Motion Pictures","false","https://www.boxofficemojo.com/release/rl3915417089/?ref_=bo_sd_table_3",2014,"$69,431,2983,948 theaters","$180,000,000",NA,"PG","1 hr 37 min","Adventure Family Fantasy Romance","217 days/31 weeks","3,948 theaters","See more details at IMDbPro"
"106",1,"Jurassic World","$647,374,160","4,291","$652,270,625","Jun 12","Universal Pictures","false","https://www.boxofficemojo.com/release/rl2371716609/?ref_=bo_sd_table_1",2015,"$208,806,2704,274 theaters","$150,000,000",NA,"PG-13","2 hr 4 min","Action Adventure Sci-Fi","210 days/30 weeks","4,291 theaters","See more details at IMDbPro"
"107",2,"Avengers: Age of Ultron","$458,142,221","4,276","$459,005,868","May 1","Walt Disney Studios Motion Pictures","false","https://www.boxofficemojo.com/release/rl675644929/?ref_=bo_sd_table_2",2015,"$191,271,1094,276 theaters","$250,000,000",NA,"PG-13","2 hr 21 min","Action Adventure Sci-Fi","245 days/35 weeks","4,276 theaters","See more details at IMDbPro"
"108",3,"Inside Out","$349,526,793","4,158","$356,461,711","Jun 19","Walt Disney Studios Motion Pictures","false","https://www.boxofficemojo.com/release/rl4016604673/?ref_=bo_sd_table_3",2015,"$90,440,2723,946 theaters","$175,000,000",NA,"PG","1 hr 35 min","Adventure Animation Comedy Drama Family Fantasy","203 days/29 weeks","4,158 theaters","See more details at IMDbPro"
"109",1,"Finding Dory","$482,853,070","4,305","$486,295,561","Jun 17","Walt Disney Studios Motion Pictures","false","https://www.boxofficemojo.com/release/rl3764946433/?ref_=bo_sd_table_1",2016,"$135,060,2734,305 theaters",NA,NA,"PG","1 hr 37 min","Adventure Animation Comedy Family","203 days/29 weeks","4,305 theaters","See more details at IMDbPro"
"110",2,"Captain America: Civil War","$408,024,564","4,226","$408,084,349","May 6","Walt Disney Studios Motion Pictures","false","https://www.boxofficemojo.com/release/rl3210970625/?ref_=bo_sd_table_2",2016,"$179,139,1424,226 theaters","$250,000,000",NA,"PG-13","2 hr 27 min","Action Sci-Fi","240 days/34 weeks","4,226 theaters","See more details at IMDbPro"
"111",3,"The Secret Life of Pets","$359,818,405","4,381","$368,384,330","Jul 8","Universal Pictures","false","https://www.boxofficemojo.com/release/rl2069595649/?ref_=bo_sd_table_3",2016,"$104,352,9054,370 theaters","$75,000,000",NA,"PG","1 hr 27 min","Adventure Animation Comedy Family","182 days/26 weeks","4,381 theaters","See more details at IMDbPro"
"112",1,"Wonder Woman","$409,537,039","4,165","$412,563,408","Jun 2","Warner Bros.","false","https://www.boxofficemojo.com/release/rl578455041/?ref_=bo_sd_table_1",2017,"$103,251,4714,165 theaters","$149,000,000",NA,"PG-13","2 hr 21 min","Action Adventure Fantasy Sci-Fi War","217 days/31 weeks","4,165 theaters","See more details at IMDbPro"
"113",2,"Guardians of the Galaxy Vol. 2","$389,682,717","4,347","$389,813,101","May 5","Walt Disney Studios Motion Pictures","false","https://www.boxofficemojo.com/release/rl2976089601/?ref_=bo_sd_table_2",2017,"$146,510,1044,347 theaters","$200,000,000",NA,"PG-13","2 hr 16 min","Action Adventure Comedy Sci-Fi","241 days/34 weeks","4,347 theaters","See more details at IMDbPro"
"114",3,"Spider-Man: Homecoming","$325,120,922","4,348","$334,201,140","Jul 7","Sony Pictures Entertainment (SPE)","false","https://www.boxofficemojo.com/release/rl863208961/?ref_=bo_sd_table_3",2017,"$117,027,5034,348 theaters","$175,000,000",NA,"PG-13","2 hr 13 min","Action Adventure Sci-Fi","182 days/26 weeks","4,348 theaters","See more details at IMDbPro"
"115",1,"Incredibles 2","$602,579,381","4,410","$608,581,744","Jun 15","Walt Disney Studios Motion Pictures","false","https://www.boxofficemojo.com/release/rl2071758337/?ref_=bo_sd_table_1",2018,"$182,687,9054,410 theaters",NA,NA,"PG","1 hr 58 min","Action Adventure Animation Comedy Family Sci-Fi","203 days/29 weeks","4,410 theaters","See more details at IMDbPro"
"116",2,"Jurassic World: Fallen Kingdom","$415,210,470","4,485","$417,719,760","Jun 22","Universal Pictures","false","https://www.boxofficemojo.com/release/rl1602061825/?ref_=bo_sd_table_2",2018,"$148,024,6104,475 theaters","$170,000,000",NA,"PG-13","2 hr 8 min","Action Adventure Sci-Fi","193 days/27 weeks","4,485 theaters","See more details at IMDbPro"
"117",3,"Avengers: Infinity War","$340,448,727","4,474","$678,815,482","Apr 27","Walt Disney Studios Motion Pictures","false","https://www.boxofficemojo.com/release/rl3043198465/?ref_=bo_sd_table_3",2018,"$257,698,1834,474 theaters",NA,NA,"PG-13","2 hr 29 min","Action Adventure Sci-Fi","249 days/35 weeks","4,474 theaters","See more details at IMDbPro"
"118",1,"The Lion King","$523,578,926","4,802","$543,638,043","Jul 19","Walt Disney Studios Motion Pictures","false","https://www.boxofficemojo.com/release/rl3321923073/?ref_=bo_sd_table_1",2019,"$191,770,7594,725 theaters","$260,000,000",NA,"PG","1 hr 58 min","Adventure Animation Drama Family Musical","168 days/24 weeks","4,802 theaters","See more details at IMDbPro"
"119",2,"Toy Story 4","$430,816,534","4,575","$434,038,008","Jun 21","Walt Disney Studios Motion Pictures","false","https://www.boxofficemojo.com/release/rl3798500865/?ref_=bo_sd_table_2",2019,"$120,908,0654,575 theaters","$200,000,000",NA,"G","1 hr 40 min","Adventure Animation Comedy Family Fantasy","196 days/28 weeks","4,575 theaters","See more details at IMDbPro"
"120",3,"Spider-Man: Far from Home","$386,098,875","4,634","$390,532,085","Jul 2","Sony Pictures Entertainment (SPE)","false","https://www.boxofficemojo.com/release/rl3791750657/?ref_=bo_sd_table_3",2019,"$92,579,2124,634 theaters","$160,000,000",NA,"PG-13","2 hr 9 min","Action Adventure Comedy Sci-Fi","183 days/26 weeks","4,634 theaters","See more details at IMDbPro"
